{"cameraMode":{"drawMode":0,"name":"Shaded","section":"Shading Mode"},"sceneLighting":true,"audioPlay":false,"sceneViewState":{"showFog":true,"showMaterialUpdate":false,"showSkybox":true,"showFlares":true,"showImageEffects":true,"showParticleSystems":true},"in2DMode":false,"pivot":{"x":1.940000057220459,"y":0.949999988079071,"z":-6.300000190734863},"rotation":{"x":0.49983373284339907,"y":0.01611064001917839,"z":-0.009296519681811333,"w":0.8659351468086243},"size":121.31627655029297,"orthographic":true}